Location,Area,Price,New/Resale,House_Type,bhk,bath,Floor,Age,Gym,Lift,Car_Parking,Security,Play_area,Clubhouse,Indoor_Games,Gas,Jogging_Track,Swimming_Pool
Mira Road,700,4760000,1,Apartment,1,1,More than 5,,1,1,1,0,0,0,0,0,0,0
Goregaon,1296,18100000,1,Apartment,2,2,More than 5,,1,1,1,1,1,1,1,0,1,1
Goregaon,1638,23800000,1,Apartment,3,2,More than 5,,1,1,1,1,1,1,1,0,1,1
Goregaon,1465,21200000,1,Apartment,3,3,More than 5,,1,1,1,1,1,1,1,0,1,1
Borivali ,700,8600000,1,Apartment,1,1,More than 5,,1,1,1,1,1,1,1,0,1,1
Goregaon,2030,36500000,1,Apartment,3,3,4,,1,1,1,1,1,1,1,0,1,1
Malad ,1450,23700000,1,Apartment,3,2,More than 5,,1,1,1,1,1,1,0,0,1,1
Malad,1100,21400000,1,Apartment,2,2,More than 5,,1,1,1,1,1,1,1,0,1,1
Kandivali ,800,12500000,1,Apartment,2,3,More than 5,,1,1,1,1,1,1,1,0,1,1
Kandivali ,1500,18000000,1,Apartment,3,2,More than 5,,1,1,1,1,1,1,1,0,1,1
Kandivali ,1100,13200000,1,Apartment,2,3,More than 5,,1,1,1,1,1,1,1,0,1,1
Kandivali ,1962,35300000,1,Apartment,3,2,More than 5,,1,1,1,1,1,1,1,0,1,1
Borivali,950,15300000,0,Apartment,2,3,More than 5,,1,1,1,1,1,1,1,0,1,1
Kandivali,1440,25000000,1,Independent House,3,2,0,,1,1,1,1,1,1,1,0,1,1
Kandivali,1200,13899999,1,Apartment,2,3,More than 5,,1,1,1,1,1,1,1,0,1,1
Borivali,1785,33500000,1,Apartment,3,2,More than 5,,1,1,1,1,1,1,1,0,1,1
Goregaon,775,14500000,1,Apartment,2,1,More than 5,,1,1,1,1,1,1,1,0,1,1
Kandivali,765,9000000,1,Apartment,1,2,More than 5,,1,1,1,1,1,1,1,0,1,1
Goregaon,910,13500000,1,Apartment,2,1,More than 5,,1,1,1,1,1,1,1,0,1,1
Goregaon,640,9000000,1,Apartment,1,2,More than 5,,1,1,1,1,1,1,1,0,1,1
Malad,1264,21600000,1,Apartment,2,2,4,,1,1,1,1,1,1,1,0,1,1
Kandivali,1056,13700000,0,Apartment,2,3,More than 5,,1,1,1,1,1,1,1,0,1,1
Kandivali,1810,27799999,1,Apartment,3,3,More than 5,,1,1,1,1,1,1,1,0,1,1
Goregaon,1656,27900000,0,Apartment,3,4,More than 5,,1,1,1,1,1,1,1,0,1,1
Goregaon,3888,81600000,0,Apartment,4,3,More than 5,,1,1,1,1,1,1,1,0,1,1
Borivali,2030,38600000,1,Apartment,3,3,More than 5,,1,1,1,1,1,1,1,0,1,1
Andheri,1114,17000000,1,Apartment,3,4,More than 5,,1,1,1,0,0,1,0,0,1,1
Goregaon,3585,60100000,1,Apartment,4,2,More than 5,,1,1,1,1,1,1,1,0,1,1
Goregaon,1404,27900000,1,Apartment,2,3,More than 5,,1,1,1,1,1,1,1,0,1,1
Goregaon,1620,31500000,1,Apartment,3,4,More than 5,,1,1,1,1,1,1,1,0,1,1
Malad,2780,37500000,1,Apartment,4,3,More than 5,,1,1,1,1,1,1,1,0,1,1
Malad,1672,31000000,0,Apartment,3,2,More than 5,,1,1,1,1,1,1,1,0,1,1
Malad,1200,21100000,0,Apartment,2,2,More than 5,,1,1,1,1,1,1,1,0,1,1
Malad,1200,16500000,1,Independent House,2,2,More than 5,,1,1,1,1,1,1,1,0,1,1
Borivali,1250,16000000,0,Apartment,2,3,More than 5,,1,1,1,1,1,1,1,0,1,1
Borivali,1840,26000000,0,Apartment,3,2,4,,1,1,1,1,1,1,1,0,1,1
Malad,1170,15200000,0,Apartment,2,1,More than 5,,1,1,1,1,1,1,0,0,1,1
Kharghar,310,2300000,0,Apartment,1,3,More than 5,,0,0,0,1,1,0,0,0,0,0
Wadala,1245,33000000,0,Apartment,3,3,More than 5,,1,1,1,1,1,1,0,1,1,1
Wadala,1153,29000000,0,Apartment,3,2,More than 5,,1,1,1,1,1,1,0,1,1,1
Ulwe,573,11200000,1,Apartment,2,2,More than 5,,1,1,1,1,1,1,0,0,1,1
Ulwe,1100,9000000,0,Apartment,2,2,More than 5,,1,1,1,1,1,1,0,0,1,1
Ulwe,1135,8500000,0,Apartment,2,2,More than 5,,1,1,1,1,1,1,1,0,1,1
Kharghar,1060,9000000,0,Apartment,2,1,More than 5,,1,1,1,1,1,1,1,0,1,1
Malad,560,11500000,0,Apartment,1,2,More than 5,,0,0,0,0,0,0,0,0,0,0
Dahisar,1150,12100000,1,Apartment,2,2,More than 5,,1,1,1,1,1,0,0,0,1,1
kandivali,1054,11000000,1,Apartment,2,3,More than 5,,1,1,1,1,1,1,0,0,1,1
Goregaon,1695,27000000,1,Apartment,3,3,More than 5,,1,1,1,1,1,1,1,0,1,1
Goregaon,1579,21600000,1,Apartment,3,3,More than 5,,1,1,1,1,1,1,1,0,1,1
Goregaon,2153,30200000,1,Apartment,3,4,More than 5,,1,1,1,1,1,1,1,0,1,1
Goregaon,1872,41200000,1,Apartment,4,3,More than 5,,1,1,1,1,1,1,0,0,1,1
Goregaon,1717,30500000,1,Apartment,3,4,More than 5,,1,1,1,1,1,1,0,0,1,1
Goregaon,1675,36700000,1,Apartment,4,3,More than 5,,1,1,1,1,1,1,0,0,1,1
Malad,1672,23800000,1,Independent House,3,3,0,,1,1,1,1,1,1,1,0,1,1
Malad,1457,20500000,1,Apartment,3,1,More than 5,,1,1,1,1,1,0,0,0,0,1
Bhandup,425,5500000,0,Apartment,1,1,More than 5,,0,0,0,0,0,0,0,0,0,0
kandivali,560,9000000,0,Apartment,1,2,More than 5,,0,0,0,0,0,0,0,0,0,0
Santacruz,1200,32500000,0,Apartment,2,1,More than 5,,0,0,0,0,0,0,0,0,0,0
Kanjurmarg,575,8500000,0,Apartment,1,1,More than 5,,1,1,1,1,1,1,0,1,1,1
Borivali,400,9000000,0,Apartment,1,1,More than 5,,0,0,0,0,0,0,0,0,0,0
Kandivali,300,2500000,1,Apartment,1,1,More than 5,,0,0,0,0,0,0,0,0,0,0
I C Colony,400,5500000,0,Apartment,1,1,More than 5,,0,1,1,1,1,0,0,0,0,0
Dahisar,650,8000000,0,Apartment,1,3,More than 5,,0,0,1,1,1,0,0,0,0,0
Malad,1600,27500000,1,Apartment,3,1,More than 5,,1,1,1,1,1,1,1,0,1,1
Marol,860,11500000,0,Apartment,1,2,More than 5,,1,1,1,1,1,0,0,0,0,1
Parel,1320,35900000,0,Apartment,2,2,More than 5,,0,1,1,1,1,0,0,0,0,1
Lower Parel,1200,42000000,0,Apartment,2,2,More than 5,,0,1,1,1,1,0,0,0,0,1
Parel,1320,33100000,0,Apartment,2,3,More than 5,,0,1,1,1,1,0,0,0,0,1
Worli,2826,106000000,0,Apartment,3,3,More than 5,,0,1,1,1,1,0,0,0,0,1
Lower Parel,2880,101400000,0,Apartment,3,3,More than 5,,0,1,1,0,0,0,0,0,0,1
Jogeshwari,997,32500000,0,Apartment,3,2,More than 5,,0,1,1,1,1,0,0,0,0,0
Jogeshwari,1038,18500000,1,Apartment,2,1,More than 5,,1,1,0,0,0,1,0,0,0,1
Malad,600,11000000,0,Apartment,1,1,More than 5,,0,1,1,1,1,0,0,0,0,0
Chembur Shell Colony,400,9200000,0,Independent House,1,4,1,,1,1,1,1,1,0,0,0,0,0
Central Avenue,2800,50100000,0,Apartment,4,3,More than 5,,1,1,1,1,1,0,0,0,0,0
Chembur,1400,33000000,0,Apartment,3,3,More than 5,,0,1,1,1,1,0,0,0,0,0
Diamond Market Road,1500,34100000,0,Apartment,3,3,More than 5,,1,1,1,1,1,0,0,0,0,0
Mulund,1412,21800000,0,Apartment,3,3,More than 5,,1,1,1,0,0,1,1,1,0,0
Mulund,1412,21200000,0,Apartment,3,1,4,,1,1,1,0,0,1,1,1,0,0
Nalasopara,545,3000000,0,Apartment,1,1,More than 5,,0,1,1,0,0,0,0,0,0,0
raheja vihar,585,11000000,0,Apartment,1,2,More than 5,,0,1,1,1,1,0,0,0,0,0
raheja vihar,1000,17900000,0,Apartment,2,2,More than 5,,0,1,1,1,1,0,0,0,0,0
Powai Lake,1050,19500000,0,Apartment,2,2,More than 5,,1,1,1,1,1,0,0,0,0,0
MHADA Colony 20,1014,19500000,0,Apartment,2,2,More than 5,,0,1,1,0,0,0,0,0,0,0
Goregaon East,900,16000000,0,Apartment,2,1,More than 5,,0,1,1,1,1,0,0,0,0,0
Tolaram Colony,600,11500000,0,Apartment,1,2,More than 5,,1,1,1,1,1,0,0,0,0,0
Tolaram Colony,700,10500000,0,Apartment,2,3,More than 5,,1,1,1,1,1,0,0,0,0,0
Taloja,1550,6400000,0,Apartment,3,5,More than 5,,1,1,1,0,0,0,0,0,0,1
Thane,5245,90000000,1,Apartment,5,1,More than 5,,1,1,1,0,0,1,1,1,1,1
Vangani,529,2100000,1,Apartment,1,1,More than 5,,0,0,0,0,0,0,0,0,0,0
Sector 20 Kharghar,530,3600000,0,Apartment,1,2,5,,1,1,1,1,1,0,0,0,0,0
Sector 5 Ulwe,1260,9200000,0,Apartment,2,2,More than 5,,1,1,1,1,1,0,0,0,0,0
Sector12 New Panvel,1260,9000000,0,Apartment,2,2,More than 5,,1,1,1,1,1,0,0,0,0,0
Sector 17 Ulwe,1150,9200000,0,Independent House,2,1,2,,1,1,1,1,1,0,0,0,0,0
Sector 17 Ulwe,690,5300000,0,Apartment,1,3,More than 5,,1,1,1,1,1,0,0,0,0,0
Sector9 Kamothe,1240,15500000,0,Apartment,3,2,More than 5,,1,1,1,1,1,0,0,0,0,0
Sector 19 Kharghar,1260,9500000,0,Apartment,2,2,More than 5,,1,1,1,1,1,0,0,0,0,0
Sector 5 Ulwe,1240,9000000,0,Apartment,2,2,More than 5,,1,1,1,1,1,0,0,0,0,0
Navi Basti,1265,10100000,0,Apartment,2,2,More than 5,,1,0,0,0,0,0,0,0,0,0
Sector12 Kamothe,1260,10800000,0,Apartment,2,2,More than 5,,1,1,1,1,1,1,0,0,0,0
Vasai,1296,48000000,0,Apartment,2,3,More than 5,,1,1,1,1,1,1,1,1,0,1
Ghatkopar,2014,72500000,0,Apartment,3,2,More than 5,,1,1,1,1,1,1,0,1,1,1
Tardeo,1503,70000000,0,Apartment,2,4,More than 5,,1,1,1,1,1,1,0,1,1,1
Thane West,1903,175000000,0,Apartment,4,3,More than 5,,1,1,1,1,1,0,1,0,0,1
Napeansea Road,1376,86500000,0,Apartment,3,4,More than 5,,1,1,1,1,1,1,1,0,0,1
Worli,3600,120000000,0,Apartment,4,3,More than 5,,1,1,1,1,1,1,0,0,1,1
Mahalaxmi,1706,75000000,0,Apartment,3,1,More than 5,,1,1,1,1,1,1,1,0,1,1
Nala Sopara,686,2600000,0,Apartment,1,2,More than 5,,1,1,1,1,1,0,0,0,1,1
Thane West,1005,9000000,0,Apartment,2,3,More than 5,,1,1,1,1,1,1,1,0,1,1
Kalyan West,1220,7500000,0,Apartment,3,1,More than 5,,0,0,0,1,1,1,0,0,0,0
Borivali East,600,11000000,0,Apartment,1,3,More than 5,,1,1,1,1,1,0,0,1,1,0
Borivali East,1189,22500000,0,Apartment,3,2,More than 5,,1,1,1,1,1,0,0,1,0,0
Dahisar West,1000,14500000,0,Apartment,2,2,More than 5,,1,1,1,1,1,0,0,1,0,0
Nerul,1100,14500000,0,Independent House,2,2,2,,0,0,0,0,0,0,0,0,0,0
Nerul,1100,13000000,0,Apartment,2,1,More than 5,,0,1,1,1,1,0,0,1,0,0
Nerul,650,6500000,0,Apartment,1,1,More than 5,,0,0,1,1,1,0,0,0,0,0
Kandivali East,400,7000000,0,Apartment,1,2,More than 5,,1,1,1,1,1,1,0,0,1,1
Sector-3 Ulwe,1055,7800000,0,Apartment,2,1,More than 5,,0,0,1,1,1,1,0,1,1,0
Sector-3 Ulwe,710,5100000,0,Apartment,1,1,More than 5,,0,0,1,1,1,1,0,1,1,0
Mulund West,417,9000000,1,Apartment,1,2,More than 5,,1,1,1,1,1,0,0,0,0,0
Natakwala Lane,999,17000000,0,Apartment,2,2,More than 5,,0,1,1,1,1,0,0,1,0,0
Borivali East,1080,21500000,1,Apartment,2,3,5,,1,1,1,1,1,1,0,1,1,1
Kandivali,1300,32000000,0,Apartment,3,2,More than 5,,0,1,1,1,1,0,0,1,0,0
Taloja,1100,5300000,0,Apartment,2,1,More than 5,,0,1,1,1,1,0,0,0,1,0
Taloja,738,3800000,0,Apartment,1,2,More than 5,,1,1,1,1,1,1,1,0,1,1
Link Road,900,16000000,0,Apartment,2,3,More than 5,,1,1,1,1,1,0,0,1,0,0
Borivali East,1500,23000000,0,Apartment,3,2,More than 5,,1,1,1,1,1,1,1,1,1,1
Borivali West,900,16299999,0,Apartment,2,2,More than 5,,0,1,1,1,1,0,0,1,0,0
Devidas Cross Lane,800,13899999,0,Apartment,2,2,More than 5,,0,1,1,1,1,0,0,1,0,0
Soniwadi Road,900,21000000,0,Apartment,2,2,More than 5,,1,0,0,1,1,0,0,1,1,0
Haridas Nagar,900,20000000,0,Apartment,2,2,More than 5,,1,1,1,1,1,0,0,1,0,0
Shimpoli,900,21000000,0,Apartment,2,3,More than 5,,0,0,0,0,0,0,0,1,0,0
TPS Road,1200,18500000,0,Apartment,3,2,4,,0,1,1,1,1,0,0,1,0,0
Off Shimpoli road,900,20500000,0,Independent House,2,1,More than 5,,1,1,1,1,1,0,0,1,1,0
Wadala,510,12500000,0,Apartment,1,1,More than 5,,1,1,1,1,1,1,0,1,0,1
Borivali,670,11000000,0,Apartment,1,3,More than 5,,0,1,1,1,1,0,0,0,0,0
Mahalaxmi,2710,150000000,0,Apartment,3,1,More than 5,,0,1,1,1,1,0,0,0,0,0
Worli,800,19500000,0,Apartment,1,2,More than 5,,0,1,1,1,1,0,0,0,0,0
Lower Parel,1388,55000000,0,Apartment,2,2,More than 5,,0,1,1,1,1,0,0,0,0,0
Worli,1100,45000000,0,Apartment,2,4,More than 5,,0,1,1,1,1,0,0,0,0,0
Worli,3638,400000000,0,Apartment,4,3,More than 5,,0,1,1,1,1,0,0,0,0,0
Worli,1700,70000000,0,Apartment,3,3,More than 5,,0,1,1,1,1,0,0,0,0,0
Prabhadevi,1700,85000000,0,Apartment,3,4,More than 5,,0,1,1,1,1,0,0,0,0,0
Kandivali,2450,35000000,0,Apartment,4,3,More than 5,,1,1,1,1,1,1,0,1,1,1
Kandivali,1165,18000000,0,Apartment,3,2,More than 5,,1,1,1,1,1,1,0,1,1,1
Kharghar,1025,11200000,0,Apartment,2,1,More than 5,,1,1,1,1,1,1,0,0,1,1
Rustomjee Global City,450,3100000,0,Apartment,1,2,More than 5,,0,0,1,0,0,0,0,1,0,0
Sunil Nagar,900,7500000,0,Apartment,2,1,More than 5,,1,1,1,1,1,0,0,0,0,0
Kharghar,603,4500000,0,Apartment,1,2,More than 5,,0,0,1,1,1,0,0,0,0,0
Kharghar,1340,13500000,0,Apartment,2,2,More than 5,,0,0,1,1,1,0,0,0,0,0
Kharghar,1550,16000000,0,Apartment,2,2,More than 5,,0,0,1,1,1,0,0,0,0,0
Kharghar,1160,11000000,0,Apartment,2,1,More than 5,,0,0,1,1,1,0,0,0,0,0
Kharghar,650,6500000,0,Apartment,1,1,More than 5,,0,0,1,1,1,0,0,0,0,0
Kharghar,610,5600000,0,Independent House,1,1,More than 5,,0,0,1,1,1,0,0,0,0,0
Kharghar,860,7200000,0,Apartment,1,1,More than 5,,0,0,1,1,1,0,0,0,0,0
Kharghar,640,5500000,0,Apartment,1,1,More than 5,,0,0,1,1,1,0,0,0,0,0
Kharghar,560,6000000,0,Apartment,1,2,More than 5,,0,0,1,1,1,0,0,0,0,0
Kharghar,1260,13200000,0,Apartment,2,1,More than 5,,0,0,1,1,1,0,0,0,0,0
Kharghar,850,6000000,0,Apartment,1,2,More than 5,,0,0,1,1,1,0,0,0,0,0
Kharghar,1095,11500000,0,Apartment,2,3,More than 5,,0,0,1,1,1,0,0,0,0,0
Kharghar,1500,15000000,0,Apartment,3,1,More than 5,,0,0,1,1,1,0,0,0,0,0
Kharghar,500,5000000,0,Apartment,1,1,More than 5,,0,0,0,1,1,0,0,0,0,0
Kharghar,635,5600000,0,Apartment,1,1,More than 5,,0,0,1,1,1,0,0,0,0,0
Sector16 Airoli,610,4600000,0,Apartment,1,1,More than 5,,0,0,1,1,1,0,0,0,0,0
Ranjanpada,1065,9500000,0,Apartment,2,3,4,,0,0,1,1,1,0,0,0,0,0
Sector 15,1251,12700000,0,Apartment,2,3,More than 5,,0,0,1,1,1,0,0,0,0,0
Sector 35G,1065,9500000,0,Apartment,2,3,More than 5,,0,0,1,1,1,0,0,0,0,0
Sector 18,1320,14000000,0,Apartment,2,3,More than 5,,0,0,1,1,1,0,0,0,0,0
Sector 5,1136,10500000,0,Apartment,2,3,More than 5,,0,0,1,1,1,0,0,0,0,0
Sector 10,1125,9900000,0,Apartment,2,3,More than 5,,0,0,1,1,1,0,0,0,0,0
Kharghar,1098,10000000,0,Apartment,2,3,More than 5,,0,0,1,1,1,0,0,0,0,0
Kharghar,1300,13000000,0,Apartment,2,3,More than 5,,0,0,1,1,1,0,0,0,0,0
Kharghar,735,7800000,0,Apartment,1,1,More than 5,,0,0,1,1,1,0,0,0,0,0
Kharghar,640,4200000,0,Independent House,1,1,More than 5,,0,0,1,1,1,0,0,0,0,0
Kharghar,1090,9800000,0,Apartment,2,2,More than 5,,0,0,1,1,1,0,0,0,0,0
Kharghar,800,4500000,0,Apartment,1,1,More than 5,,0,0,1,1,1,0,0,0,0,0
Kharghar,1300,15000000,0,Apartment,3,4,More than 5,,0,0,1,1,1,0,0,0,0,0
Kharghar,560,5300000,0,Apartment,1,2,More than 5,,0,0,1,1,1,0,0,0,0,0
Kharghar,1400,16000000,0,Apartment,3,4,More than 5,,0,0,1,1,1,0,0,0,0,0
Kharghar,1117,11100000,0,Apartment,2,2,More than 5,,0,0,1,1,1,0,0,0,0,0
Kharghar,1125,12700000,0,Apartment,2,2,More than 5,,0,0,1,1,1,0,0,0,0,0
Kharghar,675,6000000,0,Apartment,1,1,More than 5,,0,0,1,1,1,0,0,0,0,0
Kharghar,1100,11000000,0,Apartment,2,2,More than 5,,0,0,1,1,1,0,0,0,0,0
Kharghar,650,5000000,0,Apartment,1,1,More than 5,,0,0,1,1,1,0,0,0,0,0
Kharghar,675,6500000,0,Apartment,1,1,More than 5,,0,0,1,1,1,0,0,0,0,0
Airoli,450,5500000,0,Apartment,1,1,More than 5,,0,0,1,1,1,0,0,0,0,0
Kharghar,560,6000000,0,Apartment,1,1,More than 5,,0,0,1,1,1,0,0,0,0,0
Kharghar,650,5500000,0,Apartment,1,1,More than 5,,0,0,1,1,1,0,0,0,0,0
Kharghar,1075,10500000,0,Apartment,2,2,More than 5,,0,0,1,1,1,0,0,0,0,0
Kharghar,735,7000000,0,Apartment,1,1,More than 5,,0,0,1,1,1,0,0,0,0,0
Kharghar,600,4600000,0,Apartment,1,1,More than 5,,0,0,1,1,1,0,0,0,0,0
Kharghar,1000,8000000,0,Apartment,2,2,More than 5,,0,0,1,1,1,0,0,0,0,0
Kharghar,1070,10600000,0,Apartment,2,3,More than 5,,0,0,1,1,1,0,0,0,0,0
Kharghar,1182,11500000,0,Independent House,2,3,3,,0,0,1,1,1,0,0,0,0,0
Kharghar,911,10500000,0,Apartment,2,3,More than 5,,0,0,1,1,1,0,0,0,0,0
Kharghar,1125,12700000,0,Apartment,2,3,More than 5,,0,0,1,1,1,0,0,0,0,0
Kharghar,1025,9900000,0,Apartment,2,2,More than 5,,0,0,1,1,1,0,0,0,0,0
Dombivali,555,3800000,0,Apartment,1,1,More than 5,,1,1,1,1,1,0,0,0,0,0
Dombivali,600,3600000,0,Apartment,1,1,More than 5,,1,1,1,1,1,0,0,0,0,0
Dombivali,550,3700000,0,Apartment,1,1,More than 5,,1,1,1,1,1,0,0,0,0,0
Dombivali,600,3000000,0,Apartment,1,1,4,,1,1,1,1,1,0,0,0,0,0
Dombivali,950,7600000,0,Apartment,3,4,More than 5,,1,1,1,1,1,0,0,0,0,0
Kandivali,1472,33000000,0,Apartment,3,4,More than 5,,1,1,1,1,1,1,0,0,1,1
Virar East,370,2100000,0,Apartment,1,1,More than 5,,0,0,1,1,1,0,0,0,0,0
Nerul,715,8000000,0,Apartment,1,1,More than 5,,1,1,1,1,1,1,0,0,0,1
Roadpali,1771,21000000,0,Apartment,3,4,More than 5,,1,1,1,1,1,1,0,0,0,1
Goregaon,1650,25500000,1,Apartment,3,4,More than 5,,0,1,1,1,1,0,0,1,0,1
Seawoods,1650,16000000,0,Apartment,3,4,More than 5,,0,1,1,0,0,0,0,1,0,0
Napeansea Road,1340,112500000,0,Apartment,3,4,More than 5,,0,1,0,1,1,0,0,0,0,0
Ulwe,690,5500000,0,Apartment,1,1,More than 5,,0,1,1,1,1,0,0,0,0,0
Borivali West,816,13000000,1,Apartment,2,2,More than 5,,0,1,1,0,0,0,0,0,0,0
Mumbai Highway,810,8000000,0,Apartment,2,2,More than 5,,1,1,1,1,1,0,0,0,0,0
Kharghar,1000,8500000,0,Apartment,2,2,More than 5,,1,1,1,1,1,0,0,0,0,0
Kharghar,1250,14500000,0,Independent House,2,1,1,,1,1,1,0,0,0,0,0,0,1
Thane,473,6990000,1,Apartment,1,1,More than 5,,1,1,1,1,1,1,1,0,1,1
Kharghar,1000,8500000,0,Apartment,2,2,More than 5,,1,1,1,0,0,0,0,0,0,1
Kharghar,1016,14000000,0,Apartment,2,2,More than 5,,1,1,1,1,1,0,0,0,0,1
Kharghar,785,10000000,0,Apartment,2,2,More than 5,,1,1,1,0,0,0,0,0,0,1
Kharghar,1290,13000000,0,Apartment,2,2,More than 5,,1,1,1,1,1,0,0,0,0,1
Kharghar,1227,11500000,0,Apartment,2,2,More than 5,,1,1,1,1,1,0,0,0,0,1
Kharghar,1630,17500000,0,Apartment,3,2,More than 5,,0,0,1,1,1,0,0,0,0,1
Kharghar,1200,14000000,0,Apartment,2,2,More than 5,,0,1,1,1,1,0,0,0,0,0
Kharghar,1200,14000000,0,Apartment,2,2,More than 5,,1,1,1,0,0,0,0,0,0,1
Mumbai Highway,1500,19000000,0,Apartment,3,4,More than 5,,1,0,1,1,1,0,0,0,0,1
Worli,2000,85000000,0,Apartment,3,4,More than 5,,0,1,1,1,1,0,0,0,0,0
Kandivali East,525,8200000,0,Apartment,1,1,More than 5,,1,1,1,1,1,1,0,0,1,1
Borivali West,540,12000000,0,Apartment,1,1,More than 5,,0,1,1,1,1,0,0,0,0,0
Panvel,525,2800000,1,Apartment,1,1,More than 5,,0,0,1,1,1,0,0,0,0,0
Ghatkopar,1350,29000000,0,Apartment,3,4,5,,1,1,1,1,1,1,0,1,0,0
Kharghar,1131,11000000,0,Apartment,2,2,More than 5,,1,1,1,1,1,1,0,0,0,1
Kharghar,1400,9500000,0,Apartment,3,4,More than 5,,1,1,1,1,1,1,0,0,0,0
Kharghar,800,6500000,0,Apartment,2,2,More than 5,,1,1,1,1,1,1,0,0,0,0
Kharghar,500,3700000,0,Apartment,1,1,More than 5,,1,1,1,1,1,1,0,0,0,0
Lokhandwala,900,10500000,0,Independent House,2,2,0,,0,0,1,0,0,0,0,1,0,0
Andheri,1050,12000000,0,Apartment,2,2,More than 5,,1,1,1,1,1,1,0,0,0,0
Andheri,1225,8500000,0,Apartment,3,3,More than 5,,1,1,1,1,1,1,0,0,0,1
Andheri,1100,18000000,0,Apartment,2,2,More than 5,,1,1,1,1,1,1,0,0,0,1
Goregaon,1400,25000000,0,Apartment,3,3,More than 5,,0,1,1,1,1,0,0,0,0,0
Andheri,1000,14000000,0,Apartment,2,2,More than 5,,1,1,1,1,1,1,0,0,0,1
Andheri,1480,30000000,0,Apartment,3,3,More than 5,,0,1,1,1,1,1,0,0,0,0
Kharghar,1150,9500000,0,Apartment,2,2,More than 5,,1,1,1,1,1,1,0,1,1,1
Kharghar,1150,9900000,1,Apartment,2,2,More than 5,,1,1,1,1,1,1,0,0,1,1
Kharghar,1700,18500000,0,Apartment,3,3,More than 5,,1,1,1,1,1,1,0,0,1,1
Kharghar,1015,8200000,0,Apartment,2,2,More than 5,,0,1,1,1,1,0,0,0,0,0
Kharghar,1150,9300000,0,Apartment,2,2,More than 5,,1,1,1,1,1,1,0,0,1,1
Kharghar,750,5800000,0,Apartment,1,1,More than 5,,1,1,1,1,1,1,1,0,1,1
Kharghar,1800,14200000,0,Apartment,3,3,More than 5,,1,1,1,1,1,1,1,0,1,1
Kharghar,1605,15500000,0,Apartment,3,3,More than 5,,1,1,1,1,1,1,1,0,1,1
Kharghar,1040,7900000,0,Apartment,2,2,More than 5,,1,1,1,1,1,0,0,1,1,0
Kharghar,1580,10500000,0,Apartment,3,3,More than 5,,1,1,1,1,1,0,0,0,1,0
Kharghar,1255,11000000,0,Apartment,2,2,More than 5,,1,1,1,1,1,1,1,0,1,1
Kharghar,660,5300000,0,Apartment,1,1,More than 5,,1,1,1,1,1,1,0,0,1,1
Kharghar,1580,10100000,0,Apartment,3,3,More than 5,,1,1,1,1,1,0,0,0,1,0
Kharghar,1100,10000000,0,Independent House,2,2,0,,1,1,1,1,1,0,0,0,1,1
Kharghar,1150,13000000,0,Apartment,2,2,More than 5,,1,1,1,1,1,1,1,0,1,1
Panvel,1133,11399999,1,Apartment,2,2,More than 5,,1,0,0,1,1,1,1,0,1,1
Borivali,1423,31500000,1,Apartment,3,3,More than 5,,1,1,1,1,1,1,0,1,1,1
Malad,1500,23300000,1,Apartment,3,3,More than 5,,0,1,0,0,0,0,0,0,0,1
Andheri,3300,110000000,1,Apartment,4,4,More than 5,,0,0,0,0,0,0,0,0,0,0
Chembur,440,10000000,1,Apartment,1,1,More than 5,,1,1,1,1,1,1,0,0,1,1
Kamothe,475,3500000,0,Apartment,1,1,More than 5,,0,0,0,0,0,0,0,0,0,0
Malad West,750,9200000,1,Apartment,1,1,5,,1,1,1,1,1,1,1,0,1,1
Shastri Nagar,1050,29000000,0,Apartment,3,3,More than 5,,1,1,1,1,1,0,0,0,0,0
Wadala,2200,56000000,0,Apartment,3,3,More than 5,,0,1,1,1,1,0,0,0,0,0
Parel,600,15500000,0,Apartment,1,1,More than 5,,0,1,0,1,1,0,0,0,0,0
Thane,640,8000000,0,Apartment,1,1,More than 5,,1,1,1,1,1,1,1,0,1,1
Thane,657,7200000,0,Apartment,1,1,More than 5,,1,1,1,1,1,1,0,0,1,1
Thane,550,7500000,0,Apartment,1,1,More than 5,,1,1,1,1,1,1,0,0,1,1
Thane,1309,18000000,1,Apartment,3,3,More than 5,,1,0,1,1,1,0,1,0,1,0
Kharghar,1850,16200000,0,Apartment,3,3,More than 5,,1,1,1,1,1,0,0,0,0,0
Wadala,680,15500000,0,Apartment,1,1,More than 5,,1,1,1,1,1,0,0,0,0,0
Wadala,880,15000000,0,Apartment,2,2,More than 5,,1,1,1,1,1,0,0,0,0,0
Wadala,690,14000000,0,Apartment,1,1,More than 5,,1,1,1,1,1,0,0,0,0,0
Wadala,950,13500000,0,Independent House,1,1,1,,1,1,1,1,1,0,0,0,0,0
Haridas Nagar,925,23000000,0,Apartment,3,4,More than 5,,0,1,1,1,1,0,0,1,0,0
Kalwa,650,7500000,0,Apartment,1,1,More than 5,,1,0,1,1,1,0,0,0,0,0
PARSIK NAGAR,990,9000000,0,Apartment,2,2,More than 5,,1,0,1,1,1,0,0,0,0,0
Maharashtra Nagar,610,6500000,0,Apartment,1,1,More than 5,,0,0,0,0,0,0,0,0,0,0
Pant Nagar,806,8000000,0,Apartment,2,3,More than 5,,1,0,1,0,0,1,0,0,0,0
Patlipada,1050,19000000,0,Apartment,2,3,More than 5,,1,0,1,1,1,0,0,0,0,0
Andheri,655,11100000,0,Apartment,2,3,More than 5,,0,0,1,1,1,0,0,0,0,0
Santacruz,1144,52500000,0,Apartment,3,4,More than 5,,0,0,1,1,1,0,0,0,0,0
mumbai,1200,9500000,0,Apartment,2,3,More than 5,,0,1,1,1,1,1,0,0,0,0
Belapur,1050,13500000,0,Apartment,2,3,More than 5,,0,1,1,1,1,1,0,0,0,0
Belapur,1335,18000000,0,Apartment,2,3,More than 5,,0,1,1,1,1,1,0,0,0,0
Kamothe,1150,12600000,0,Apartment,2,3,More than 5,,0,1,1,1,1,1,0,0,0,0
Nerul,2120,38000000,0,Apartment,3,3,More than 5,,0,1,1,1,1,1,0,0,0,0
Kharghar,1150,12600000,0,Apartment,2,3,More than 5,,0,1,1,1,1,1,0,0,0,0
Nerul,1950,25000000,0,Apartment,3,4,More than 5,,0,1,1,1,1,1,0,0,0,0
Seawoods,1150,17100000,0,Apartment,2,3,More than 5,,0,1,1,1,1,1,0,0,0,0
Seawoods,1100,17100000,0,Apartment,2,3,More than 5,,0,1,1,1,1,1,0,0,0,0
Parel,2670,92500000,0,Apartment,5,6,More than 5,,1,1,1,1,1,1,1,0,1,1
Thane,560,7500000,0,Apartment,1,1,More than 5,,1,1,0,1,1,0,0,0,0,1
Majiwada,1166,16500000,1,Independent House,2,2,2,,1,1,1,1,1,1,0,0,0,1
Kalwa,600,5500000,0,Apartment,1,1,More than 5,,1,1,1,1,1,1,0,0,0,0
Kalwa,580,5500000,0,Apartment,1,1,More than 5,,1,1,1,1,1,1,0,0,0,0
Kalwa,630,5600000,0,Apartment,1,1,More than 5,,1,1,1,1,1,1,0,0,0,0
Kalwa,620,6000000,0,Apartment,1,1,More than 5,,1,1,1,1,1,1,0,0,0,0
Kalwa,1056,9500000,0,Apartment,2,2,More than 5,,1,1,1,1,1,1,0,0,0,0
4 Bunglows,675,18000000,0,Apartment,2,2,More than 5,,1,1,1,1,1,0,0,0,0,0
mumbai,730,28000000,0,Apartment,2,2,More than 5,,1,1,1,1,1,0,0,0,0,0
mumbai,2000,70000000,0,Apartment,6,7,More than 5,,1,1,1,1,1,1,0,0,0,0
Andheri,650,17500000,0,Apartment,1,1,More than 5,,1,1,1,1,1,0,0,0,0,0
Airoli,400,6200000,0,Apartment,1,1,More than 5,,0,1,1,1,1,0,0,0,0,0
Airoli,1000,9500000,0,Apartment,2,1,More than 5,,0,1,1,1,1,1,0,0,0,1
Kolshet Road,675,12200000,0,Apartment,2,2,More than 5,,0,0,1,1,1,0,0,0,0,0
Kolshet Road,674,12400000,0,Apartment,2,2,More than 5,,0,0,1,1,1,0,0,0,0,0
Thane West,1733,28400000,0,Apartment,3,3,More than 5,,0,0,1,1,1,0,0,0,0,0
Kolshet Road,673,12400000,0,Apartment,2,2,More than 5,,0,0,1,1,1,0,0,0,0,0
Kolshet Road,690,12100000,0,Apartment,2,2,More than 5,,0,0,1,1,1,0,0,0,0,0
Thane West,1733,28400000,0,Apartment,4,4,More than 5,,0,0,1,1,1,0,0,0,0,0
Sector 10 Khanda Colony,1530,14000000,0,Apartment,3,3,More than 5,,1,1,1,1,1,0,0,0,0,0
Pokharan Road,768,13200000,0,Apartment,2,2,More than 5,,0,0,1,1,1,0,0,0,0,0
Kharegaon,488,6656000,0,Independent House,1,1,1,,0,0,1,1,1,0,0,0,0,0
Kalwa,711,9750000,0,Apartment,2,2,More than 5,,0,0,1,1,1,0,0,0,0,0
Kalwa,560,5300000,0,Apartment,1,1,More than 5,,0,0,1,1,1,0,0,0,0,0
Kalyan,7000,50000000,0,Apartment,6,6,More than 5,,0,0,1,1,1,0,0,0,0,0
Pokhran 2,768,13200000,0,Apartment,2,2,More than 5,,0,0,1,1,1,0,0,0,0,0
Kalwa,488,6656000,0,Apartment,1,1,5,,0,0,1,1,1,0,0,0,0,0
Panch Pakhadi,448,7000000,0,Apartment,1,1,More than 5,,0,0,1,1,1,0,0,0,0,0
Panch Pakhadi,971,15000000,0,Apartment,2,2,More than 5,,0,0,1,1,1,0,0,0,0,0
Kalwa,770,9250000,0,Apartment,2,2,More than 5,,0,0,1,1,1,0,0,0,0,0
Kalwa,1145,20099999,0,Apartment,2,2,More than 5,,0,0,1,1,1,0,0,0,0,0
Thane West,1250,16500000,0,Apartment,3,3,More than 5,,0,0,1,1,1,0,0,0,0,0
Chembur,1005,9500000,1,Apartment,2,2,More than 5,,1,1,1,1,1,1,1,0,1,1
Chembur,757,7500000,1,Apartment,1,1,More than 5,,1,1,1,1,1,1,1,0,1,1
Chembur,1005,9500000,1,Apartment,2,2,More than 5,,1,1,1,1,1,1,1,0,1,1
Chembur,757,7500000,1,Apartment,1,1,More than 5,,1,1,1,1,1,0,1,0,1,1
Ghatkopar,957,12000000,1,Apartment,2,2,More than 5,,1,1,1,1,1,1,1,0,1,1
Goregaon,2195,37500000,1,Apartment,3,3,More than 5,,1,1,1,1,1,1,1,0,1,1
Goregaon,2195,41500000,1,Apartment,3,3,More than 5,,1,1,1,1,1,1,1,0,1,1
Goregaon,3230,48000000,1,Apartment,4,4,More than 5,,1,1,1,1,1,1,1,0,1,1
Jogeshwari,750,10000000,0,Apartment,1,1,More than 5,,0,1,1,1,1,0,0,0,0,0
Jogeshwari,750,8500000,0,Independent House,1,1,1,,0,1,1,1,1,0,0,0,0,0
Jogeshwari,750,16000000,0,Apartment,2,2,More than 5,,0,1,0,1,1,0,0,0,0,0
Jogeshwari,585,8500000,0,Apartment,1,1,More than 5,,0,1,0,1,1,0,0,0,0,0
Jogeshwari,750,10500000,0,Apartment,1,1,More than 5,,0,1,1,1,1,0,0,0,0,0
Jogeshwari,750,11000000,0,Apartment,1,1,More than 5,,0,1,1,1,1,0,0,0,0,0
Thane,1650,24500000,0,Apartment,3,3,More than 5,,1,1,1,1,1,1,0,1,1,1
Goregaon ,900,11299999,0,Apartment,2,2,More than 5,,1,1,1,1,1,1,0,0,1,0
Mira Road,620,5700000,0,Apartment,1,1,More than 5,,1,1,1,1,1,1,0,0,1,1
Malad,935,13200000,0,Apartment,2,2,More than 5,,1,1,1,1,1,1,0,0,1,1
Powai Lake,885,4700000,0,Apartment,2,2,More than 5,,1,1,1,1,1,0,0,0,0,0
MHADA Colony 20,885,4600000,0,Apartment,2,2,More than 5,,0,1,1,0,0,0,0,0,0,0
Powai Lake,700,2900000,0,Apartment,1,1,More than 5,,1,1,1,1,1,0,0,0,0,0
Wadala,958,24800000,0,Apartment,2,2,4,,0,1,1,1,1,0,0,0,0,0
Andheri,997,28500000,1,Apartment,2,2,More than 5,,0,1,1,1,1,0,0,0,0,0
Goregaon,546,10000000,0,Apartment,1,1,More than 5,,1,1,0,1,1,0,0,1,0,0
Karanjade,1015,5900000,1,Apartment,2,2,More than 5,,1,1,1,1,1,1,0,0,1,0
Sector 36 Kamothe,600,4800000,0,Apartment,1,1,More than 5,,0,1,1,0,0,0,0,0,0,0
Andheri,1950,55000000,1,Apartment,3,3,More than 5,,1,1,1,1,1,1,1,0,1,1
Dombivli,480,2300000,1,Independent House,1,1,2,,0,0,0,1,1,0,0,0,0,0
DN Nagar Road,600,13600000,0,Apartment,1,1,More than 5,,0,1,1,1,1,0,0,0,0,0
Godrej Hill,534,5200000,0,Apartment,2,2,More than 5,,0,1,1,1,1,0,0,0,0,0
Ganesh Nagar,730,21000000,0,Apartment,2,2,More than 5,,0,1,1,1,1,0,0,0,0,0
Godrej Hill,342,3300000,0,Apartment,1,1,More than 5,,0,1,1,1,1,0,0,0,0,0
Haware City,902,5545000,0,Apartment,2,2,More than 5,,1,1,1,1,1,0,0,0,0,1
Haware City,902,5556000,0,Apartment,2,2,More than 5,,1,1,1,1,1,0,0,0,0,1
Haware City,1149,7311000,0,Apartment,3,3,More than 5,,1,1,1,1,1,1,0,0,0,1
Mahatma Gandhi Road,1250,24000000,0,Apartment,3,3,More than 5,,0,1,1,1,1,0,0,0,0,0
Akurli Nagar,448,11399999,0,Apartment,1,1,More than 5,,0,1,1,1,1,0,0,0,0,0
Kasar vadavali,1149,7300000,0,Apartment,3,3,More than 5,,1,1,0,1,1,1,0,0,0,1
Vasai West,935,6000000,0,Apartment,2,2,More than 5,,0,0,0,0,0,0,0,0,0,0
Vasai,650,4500000,0,Apartment,2,2,More than 5,,0,0,1,1,1,0,0,0,0,0
Mira Road,655,6200000,0,Apartment,1,1,More than 5,,1,1,1,1,1,1,0,0,1,1
Mira Road,645,4500000,0,Apartment,1,1,More than 5,,1,1,1,1,1,1,0,1,1,1
Malad East,1280,21000000,0,Apartment,2,2,More than 5,,1,1,1,1,1,1,0,0,1,1
Malad East,1280,21500000,0,Apartment,2,2,More than 5,,1,1,1,1,1,1,0,0,1,1
Sector 17 Ulwe,665,4400000,0,Apartment,1,1,More than 5,,0,0,0,0,0,0,0,0,0,0
Badlapur West,620,2399000,1,Apartment,1,1,More than 5,,0,1,1,1,1,0,0,1,0,0
Nala Sopara,600,2650000,1,Apartment,1,1,More than 5,,0,1,1,1,1,0,0,1,0,0
Mira Road,440,3700000,1,Apartment,1,1,More than 5,,0,1,1,1,1,0,0,1,0,0
Mira Road,245,2100000,1,Apartment,1,1,More than 5,,0,1,1,1,1,0,0,1,0,0
Kandivali,745,12500000,0,Apartment,2,2,5,,1,1,1,1,1,1,0,1,1,1
Mumbai,457,4500000,0,Apartment,1,1,More than 5,,0,1,1,0,0,0,0,0,0,0
Shirgaon,400,2200000,0,Apartment,1,1,More than 5,,0,1,1,0,0,0,0,0,0,0
Katrap,612,3300000,0,Apartment,2,2,More than 5,,0,1,1,0,0,0,0,0,0,0
Chembur,800,15000000,1,Apartment,2,2,More than 5,,0,1,1,1,1,0,0,0,0,0
Chembur,878,12500000,1,Apartment,1,1,More than 5,,1,1,1,1,1,1,0,0,1,1
Kurla,1077,14000000,1,Apartment,2,2,More than 5,,0,0,0,0,0,0,0,0,0,0
Nahur,1650,33000000,1,Apartment,3,3,More than 5,,1,1,1,1,1,1,1,1,1,1
Ambernath ,690,2300000,0,Apartment,1,1,More than 5,,1,1,1,1,1,1,0,0,1,1
Mulund,1960,29000000,0,Apartment,3,3,More than 5,,1,1,1,1,1,1,1,0,1,1
Kalwa,1000,8500000,1,Apartment,2,2,More than 5,,1,1,1,1,1,1,0,0,1,0
Thane,575,6000000,1,Apartment,1,1,More than 5,,0,0,1,1,1,0,0,1,0,0
Lower Parel,2500,60000000,1,Apartment,3,3,More than 5,,1,1,1,1,1,1,1,1,1,1
Samata Nagar Thakur Village,1800,33000000,0,Apartment,3,3,4,,1,1,1,1,1,0,0,1,0,1
Samata Nagar Thakur Village,1835,35000000,0,Apartment,3,3,More than 5,,1,1,1,1,1,0,0,1,0,1
Kandivali ,1667,33000000,0,Independent House,3,3,2,,1,1,1,1,1,1,1,1,1,1
kandivali,1300,24500000,0,Apartment,3,3,More than 5,,0,1,1,1,1,0,1,0,1,0
Dombivali ,530,3467000,1,Apartment,1,1,More than 5,,0,1,1,1,1,0,0,0,0,0
Bhandup,800,14000000,0,Villa,2,2,More than 5,,1,1,1,1,1,1,0,1,1,1
Mira Road ,780,7000000,0,Apartment,2,2,More than 5,,0,0,0,0,0,0,0,0,0,0
Kandivali ,400,6400000,0,Apartment,1,1,More than 5,,1,1,1,1,1,1,0,1,1,1
Mira Road,650,6000000,1,Apartment,1,1,More than 5,,1,1,1,1,1,0,0,0,1,1
Bhandup ,550,9000000,0,Apartment,2,2,More than 5,,0,1,1,1,1,0,0,1,0,0
Mira Road ,800,6370000,0,Apartment,2,2,More than 5,,0,1,1,0,0,0,0,0,0,0
Kasheli,780,3310000,1,Apartment,2,2,More than 5,,0,1,1,1,1,0,0,0,0,0
Kasheli,655,2770000,1,Apartment,2,2,More than 5,,0,1,1,1,1,0,0,0,0,0
Kasheli,630,2670000,1,Apartment,1,1,More than 5,,0,0,0,0,0,0,0,0,0,0
Kasheli,495,2110000,1,Apartment,1,1,More than 5,,0,1,1,1,1,0,0,0,0,0
Kandivali,1265,23000000,0,Apartment,2,2,More than 5,,1,1,1,1,1,1,1,1,1,1
Bandra,850,25000000,0,Apartment,2,2,More than 5,,0,1,1,1,1,0,0,1,0,0
Seawoods,900,14000000,0,Apartment,2,2,More than 5,,0,1,1,1,1,0,0,0,1,0
Kharegaon,425,3700000,0,Apartment,1,1,More than 5,,0,1,1,1,1,0,0,0,0,0
Kharegaon,400,2000000,0,Apartment,1,1,More than 5,,0,1,1,1,1,0,0,0,0,0
Kharegaon,450,2200000,0,Apartment,1,1,43,,0,1,1,1,1,0,0,0,0,0
Tardeo,3000,200000000,0,Apartment,4,4,More than 5,,1,1,1,1,1,1,1,1,1,1
Goregaon ,545,4600000,0,Studio Apartment,1,1,2,,1,1,1,1,1,1,1,0,1,1
Goregaon,340,3000000,0,Apartment,1,1,More than 5,,1,1,1,1,1,0,0,0,0,0
Vasind,540,2000000,0,Apartment,1,1,More than 5,,0,0,1,1,1,0,1,0,0,0
KASHELI,560,2400000,1,Apartment,1,1,More than 5,,0,1,0,0,0,0,0,0,0,0
Thakurli,750,6300000,1,Apartment,1,1,More than 5,,0,1,1,1,1,0,0,0,0,0
Shakti Nagar,550,7600000,0,Apartment,1,1,More than 5,,0,0,0,1,1,0,0,0,0,0
Bhayandar ,360,2600000,0,Apartment,1,1,More than 5,,0,0,1,0,0,0,0,0,0,0
Kandivali ,340,3800000,0,Apartment,1,1,More than 5,,0,1,0,0,0,0,0,0,0,0
Ulwe,1190,10500000,1,Apartment,2,2,More than 5,,0,0,0,0,0,0,0,1,0,0
Kharghar,1235,13500000,0,Apartment,2,2,More than 5,,1,1,1,1,1,1,1,0,1,1
Kandivali ,1129,21000000,0,Apartment,2,2,More than 5,,1,1,1,1,1,1,1,1,1,1
Kandivali ,839,16500000,0,Apartment,2,2,More than 5,,1,1,1,1,1,1,1,1,1,1
Borivali ,600,10000000,0,Apartment,1,1,More than 5,,1,1,1,1,1,0,0,1,0,0
Borivali ,600,11000000,0,Apartment,1,1,More than 5,,1,1,1,1,1,1,0,1,1,1
Thane,846,8100000,1,Apartment,2,2,More than 5,,1,1,0,1,1,1,0,1,1,0
Andheri,3025,65300000,1,Apartment,4,4,More than 5,,1,1,1,1,1,1,1,0,1,1
Andheri,1295,38700000,1,Studio Apartment,3,3,2,,1,1,1,1,1,1,0,1,1,1
Sanpada,3465,51500000,1,Apartment,4,4,More than 5,,1,1,1,1,1,1,1,0,1,1
Dahisar,566,6500000,1,Apartment,1,1,More than 5,,1,1,1,1,1,0,0,0,0,0
Ghatkopar,1527,22000000,1,Apartment,3,3,More than 5,,1,1,1,1,1,1,1,0,1,1
Ghatkopar,1188,17500000,1,Apartment,2,2,More than 5,,1,1,1,1,1,1,1,0,1,1
Ghatkopar,1188,17500000,0,Apartment,2,2,2,,1,1,1,0,0,1,1,0,1,1
Goregaon,1012,12600000,1,Apartment,2,2,More than 5,,1,1,1,1,1,1,1,0,1,1
Goregaon,1950,32000000,1,Apartment,3,3,More than 5,,1,1,1,1,1,1,1,0,1,1
Malad East,670,8000000,1,Apartment,1,1,More than 5,,1,1,1,1,1,1,0,0,1,1
Mira Road,1944,16000000,1,Apartment,4,4,More than 5,,1,1,1,1,1,1,1,1,1,1
Mira Road,972,8000000,1,Independent House,2,2,2,,1,1,1,1,1,1,1,1,1,1
Mira Road,1944,16000000,1,Apartment,4,4,More than 5,,1,1,1,1,1,1,1,1,1,1
Mira Road,972,8100000,1,Apartment,2,2,More than 5,,1,0,0,0,0,1,1,1,1,1
Kharghar,1050,10200000,0,Apartment,2,2,More than 5,,1,1,1,1,1,1,1,1,1,1
Kharghar,1235,13500000,0,Apartment,2,2,More than 5,,1,1,1,1,1,1,1,1,1,1
Kharghar,1440,14200000,0,Apartment,3,2,More than 5,,1,1,1,1,1,1,0,0,1,1
Kharghar,612,5300000,0,Apartment,1,1,More than 5,,0,0,1,1,1,0,0,1,0,0
Kharghar,676,5500000,0,Apartment,1,1,More than 5,,1,1,1,1,1,1,0,1,1,1
Kharghar,650,5500000,0,Apartment,1,1,More than 5,,0,1,1,1,1,0,0,0,1,0
Kharghar,1600,16000000,0,Apartment,3,2,More than 5,,1,1,1,1,1,1,1,0,1,1
Kharghar,650,4300000,0,Apartment,1,1,More than 5,,1,1,1,1,1,1,0,0,0,1
Kharghar,850,7500000,0,Apartment,2,2,More than 5,,0,0,1,1,1,0,0,0,0,0
Kharghar,1085,7500000,0,Apartment,2,2,More than 5,,0,1,1,1,1,0,0,0,0,0
Kharghar,2950,30000000,0,Apartment,4,5,More than 5,,1,1,1,1,1,0,0,0,0,1
Kharghar,560,5500000,0,Apartment,1,2,More than 5,,1,1,1,1,1,1,0,0,1,1
Kharghar,1050,8000000,0,Apartment,2,3,More than 5,,0,0,1,1,1,0,0,0,0,0
Kharghar,700,6000000,0,Apartment,1,1,More than 5,,1,1,1,1,1,1,0,0,1,1
Kharghar,650,4500000,0,Apartment,1,1,More than 5,,1,1,1,1,1,1,0,0,1,0
Kharghar,649,5500000,0,Apartment,1,1,More than 5,,0,1,1,1,1,0,0,0,1,0
Kharghar,660,5500000,0,Apartment,1,1,More than 5,,1,1,1,1,1,1,0,1,1,1
Kharghar,1600,14800000,1,Apartment,3,4,More than 5,,1,1,1,1,1,1,1,0,1,1
Kharghar,1150,11800000,0,Apartment,2,3,More than 5,,1,1,1,1,1,1,0,0,1,1
Kharghar,1760,13600000,0,Apartment,3,4,More than 5,,1,1,1,1,1,1,0,0,1,1
Kharghar,650,5700000,0,Apartment,1,2,More than 5,,0,1,1,1,1,0,0,0,1,0
Kharghar,750,6500000,0,Apartment,1,2,More than 5,,1,1,1,1,1,1,1,0,1,1
Kharghar,630,4200000,0,Apartment,1,2,More than 5,,1,1,1,1,1,1,0,0,1,0
Kharghar,540,4800000,0,Independent House,1,2,1,,1,1,1,1,1,1,0,0,1,1
Kharghar,2355,30000000,0,Independent House,4,5,3,,1,1,1,1,1,1,1,0,1,1
Kharghar,2250,21000000,0,Apartment,4,5,More than 5,,1,1,1,1,1,1,0,0,1,1
Panvel,687,5300000,1,Apartment,1,2,More than 5,,0,1,0,1,1,0,0,0,1,0
Panvel,850,6300000,1,Apartment,2,3,More than 5,,1,1,1,1,1,1,0,0,1,1
Ulhasnagar ,1000,2050000,0,Apartment,2,3,More than 5,,0,0,0,0,0,0,0,0,0,0
Kandivali,2415,31500000,1,Apartment,4,5,3,,1,1,1,1,1,1,0,0,1,1
Kandivali,2415,30500000,1,Apartment,4,5,More than 5,,1,1,1,1,1,1,0,0,1,1
Mira Road,450,4500000,0,Apartment,1,2,More than 5,,0,1,1,1,1,0,0,0,0,1
Malad East,1250,20000000,1,Apartment,2,1,More than 5,,1,0,0,0,0,1,0,0,1,1
Kandivali,1530,22000000,0,Apartment,3,4,More than 5,,1,1,1,1,1,1,1,0,1,1
Mira Road,1340,10000000,1,Apartment,3,4,More than 5,,1,1,1,1,1,1,0,0,1,1
Mira Road,1340,11500000,1,Apartment,3,4,More than 5,,1,1,1,1,1,1,0,0,1,1
Mira Road,850,6300000,0,Apartment,2,3,More than 5,,1,1,1,1,1,1,0,0,1,1
Mira Road,965,8009999,1,Apartment,2,2,More than 5,,1,1,1,1,1,1,0,0,1,1
Mira Road,965,8400000,1,Apartment,2,2,More than 5,,1,1,1,1,1,1,0,0,1,1
Mira Road,965,7430000,1,Apartment,2,2,More than 5,,1,1,1,1,1,1,0,0,1,1
Borivali East,1560,21400000,1,Apartment,3,3,More than 5,,1,1,0,1,1,1,0,0,1,0
Goregaon West,1505,25700000,1,Apartment,3,3,More than 5,,1,1,1,1,1,1,1,0,1,1
Sector-26 Taloja,450,2100000,0,Apartment,1,1,More than 5,,1,1,0,1,1,1,0,1,0,1
Koproli,670,3300000,0,Apartment,1,1,More than 5,,1,1,1,1,1,1,0,0,1,1
Worli,1450,62000000,1,Apartment,3,3,More than 5,,1,1,1,1,1,0,1,1,1,1
Virar East,540,2500000,1,Apartment,1,1,More than 5,,0,0,0,0,0,0,0,0,0,0
Belapur,1267,19000000,0,Apartment,3,3,More than 5,,1,1,1,1,1,1,1,0,1,1
Airoli,1245,14900000,1,Apartment,2,2,More than 5,,0,1,1,0,0,0,0,1,0,0
Airoli,1183,14000000,1,Apartment,2,2,More than 5,,1,1,1,1,1,1,1,0,1,1
Badlapur,670,2200000,0,Apartment,1,1,More than 5,,0,0,1,0,0,0,0,0,0,0
mumbai,1000,3500000,0,Apartment,2,2,More than 5,,1,1,1,1,1,1,0,0,0,0
mumbai,400,3500000,0,Apartment,2,2,More than 5,,1,1,1,1,1,1,0,0,0,0
Roadpali,500,3500000,0,Apartment,1,1,More than 5,,1,1,1,1,1,1,0,0,0,0
mumbai,595,2005000,0,Apartment,1,1,More than 5,,1,1,1,1,1,1,0,0,0,0
mumbai,597,2011000,0,Apartment,1,1,More than 5,,1,1,1,1,1,1,0,0,0,0
mumbai,598,2014999,0,Apartment,1,1,More than 5,,1,1,1,1,1,1,0,0,0,0
mumbai,600,2021000,0,Apartment,1,1,More than 5,,1,1,1,1,1,1,0,0,0,0
Mumbai Central,625,2100000,0,Apartment,1,1,4,,1,1,1,1,1,1,0,0,0,0
mumbai,630,2116000,0,Apartment,1,1,More than 5,,1,1,1,1,1,1,0,0,0,0
Chembur,650,13000000,0,Apartment,1,1,More than 5,,1,1,1,1,1,0,0,0,0,0
Chembur,900,13000000,0,Apartment,2,2,More than 5,,1,1,1,1,1,0,0,0,0,0
Thane,5245,90000000,1,Apartment,5,5,More than 5,,1,1,1,0,1,1,1,1,1,1
Thane,516,5700000,1,Apartment,1,1,More than 5,,1,0,0,0,0,0,0,0,0,0
Thane,1179,11600000,1,Apartment,2,2,More than 5,,1,1,1,1,1,1,1,0,1,1
Thane,495,2100000,1,Apartment,1,1,More than 5,,0,1,1,1,0,0,0,0,0,0
Thane,507,8500000,0,Apartment,1,1,More than 5,,0,0,0,0,0,0,0,0,0,0
Thane,550,6600000,0,Apartment,2,2,More than 5,,1,1,1,1,0,1,0,0,0,0
Thane,565,6900000,0,Apartment,2,2,More than 5,,1,1,1,1,0,1,0,0,0,0
Thane,547,6800000,0,Apartment,2,2,4,,1,1,1,1,0,1,0,0,0,0
Thane,556,6700000,0,Apartment,2,2,More than 5,,1,1,1,1,0,1,0,0,0,0
Thane,950,3000000,0,Apartment,2,2,More than 5,,1,1,1,1,0,1,0,0,0,0
Thane,600,4500000,0,Apartment,2,2,More than 5,,1,1,1,1,0,1,0,0,0,0
Thane,600,5300000,0,Apartment,2,2,More than 5,,1,1,1,1,0,1,0,0,0,0
Thane,600,3000000,0,Apartment,1,1,More than 5,,1,1,1,1,0,1,0,0,0,0
Thane,800,4500000,0,Apartment,2,2,More than 5,,1,1,1,1,0,1,0,0,0,0
Thane,275,5300000,0,Apartment,1,1,More than 5,,1,1,1,1,0,1,0,0,0,0
Thane,275,3000000,0,Apartment,1,1,More than 5,,1,1,1,1,0,1,0,0,0,0
Thane,275,2000000,0,Apartment,1,1,More than 5,,1,1,1,1,0,1,0,0,0,0
Thane,1065,4500000,0,Independent House,2,2,More than 5,,1,1,1,1,0,1,0,0,0,0
Thane,275,8500000,0,Apartment,1,1,More than 5,,1,1,1,1,0,1,0,0,0,0
Thane,530,3000000,0,Apartment,1,1,More than 5,,1,1,1,1,0,1,0,0,0,0
Thane,900,3500000,1,Apartment,2,2,More than 5,,1,1,1,1,1,1,1,1,1,1
Thane,1157,13000000,0,Apartment,2,2,More than 5,,1,1,1,1,1,1,1,0,1,1
Thane,509,6400000,0,Apartment,1,1,More than 5,,1,1,1,1,0,1,0,0,1,1
Thane,1903,175000000,0,Apartment,4,4,More than 5,,1,1,1,1,1,0,1,0,0,1
Thane,1005,9000000,0,Apartment,2,2,More than 5,,1,1,1,1,1,1,1,0,1,1
Thane,473,6990000,1,Apartment,1,1,More than 5,,1,1,1,1,1,1,1,0,1,1
Thane,640,8000000,0,Apartment,1,1,More than 5,,1,1,1,1,1,1,1,0,1,1
Thane,657,7200000,0,Apartment,1,1,More than 5,,1,1,1,1,1,1,0,0,1,1
Thane,550,7500000,0,Apartment,1,1,More than 5,,1,1,1,1,1,1,0,0,1,1
Thane,1309,18000000,1,Apartment,3,3,More than 5,,1,0,1,1,1,0,1,0,1,0
Thane,560,7500000,0,Apartment,1,1,More than 5,,1,1,0,1,0,0,0,0,0,1
Thane,1733,28400000,0,Apartment,3,3,More than 5,,0,0,1,1,0,0,0,0,0,0
Thane,1733,28400000,0,Apartment,4,4,More than 5,,0,0,1,1,0,0,0,0,0,0
Thane,1250,16500000,0,Apartment,3,3,More than 5,,0,0,1,1,0,0,0,0,0,0
Thane,1650,24500000,0,Apartment,3,3,More than 5,,1,1,1,1,0,1,0,1,1,1
Thane,575,6000000,1,Independent House,1,1,More than 5,,0,0,1,1,0,0,0,1,0,0
Thane,846,8100000,1,Apartment,2,2,3,,1,1,0,1,1,1,0,1,1,0
Thane,880,12500000,0,Apartment,2,2,More than 5,,1,1,1,0,1,1,0,0,1,1
Thane,740,6800000,0,Apartment,1,1,More than 5,,1,1,1,1,1,1,1,0,1,1
Thane,1150,11700000,0,Apartment,2,2,More than 5,,1,1,0,0,1,1,0,1,0,1
Thane,650,5300000,0,Apartment,1,1,More than 5,,1,1,0,0,1,1,0,1,0,1
Thane,550,4900000,1,Apartment,1,1,More than 5,,0,0,1,1,0,0,0,0,0,0
Thane,936,12000000,0,Apartment,2,2,More than 5,,1,1,1,1,1,1,1,1,1,1
Thane,1810,19400000,1,Apartment,3,3,4,,1,1,1,1,1,1,1,1,1,1
Thane,2090,24100000,1,Apartment,3,3,More than 5,,1,1,1,1,1,1,1,1,1,1
Thane,1555,16200000,1,Apartment,3,3,More than 5,,1,1,0,0,1,1,1,1,1,1
Thane,724,8900000,1,Apartment,2,2,More than 5,,1,1,1,1,1,1,1,0,1,1
Thane,885,6000000,0,Apartment,2,2,More than 5,,1,1,1,1,0,0,0,0,0,0
Kalwa,675,6500000,0,Apartment,1,1,More than 5,,0,0,0,1,0,0,0,0,0,0
Kalwa,560,5300000,0,Apartment,1,1,More than 5,,0,0,0,1,0,0,0,0,0,0
Thane,1375,8000000,0,Apartment,3,3,More than 5,,1,0,1,1,0,0,0,0,0,0
Thane,700,7100000,1,Apartment,1,1,More than 5,,1,1,1,1,1,1,1,0,1,1
Thane,2394,25000000,1,Apartment,4,4,More than 5,,1,1,1,1,1,1,1,1,1,1
Thane,550,5700000,0,Apartment,1,1,More than 5,,1,1,1,1,1,1,1,1,1,1
Thane,1400,11200000,0,Apartment,3,3,More than 5,,1,1,1,1,0,0,0,0,0,0
Thane,384,2600000,0,Apartment,1,1,More than 5,,1,1,1,1,0,1,0,1,1,1
Thane,545,7800000,0,Apartment,1,1,1,,0,1,1,1,0,0,0,0,0,0
Thane,995,13500000,1,Apartment,2,2,More than 5,,1,1,1,0,1,0,0,0,0,1
Thane,1140,13500000,1,Apartment,3,3,More than 5,,1,1,1,1,1,1,1,0,1,1
Thane,771,9900000,1,Apartment,2,2,More than 5,,1,1,1,1,1,1,1,0,1,1
Thane,1505,14800000,1,Apartment,3,3,More than 5,,1,1,1,1,1,1,0,0,1,1
Thane,1570,15400000,1,Apartment,3,3,More than 5,,1,1,1,1,1,1,0,0,1,1
Thane,1311,12900000,1,Apartment,3,3,More than 5,,1,1,1,1,1,1,0,0,1,1
Thane,1290,12700000,1,Apartment,3,3,More than 5,,1,1,1,1,1,1,0,0,1,1
Thane,1170,11500000,1,Apartment,2,2,More than 5,,1,1,1,1,1,1,0,0,1,1
Thane,1102,10800000,1,Apartment,2,2,More than 5,,1,1,1,1,1,1,0,0,1,1
Thane,963,9485000,1,Apartment,2,2,More than 5,,1,1,1,1,1,1,0,0,1,1
Thane,831,8184999,1,Apartment,2,2,More than 5,,1,1,1,1,1,1,0,0,1,1
Thane,1209,11900000,1,Apartment,2,2,More than 5,,1,1,1,1,1,1,0,0,1,1
Thane,952,9377000,1,Apartment,2,2,More than 5,,1,1,1,1,1,1,0,0,1,1
Thane,1011,9958000,1,Apartment,2,2,More than 5,,1,1,1,1,1,1,0,0,1,1
Thane,1015,9997000,1,Apartment,2,2,5,,1,1,1,1,1,1,0,0,1,1
Thane,1135,11100000,1,Independent House,2,2,More than 5,,1,1,1,1,1,1,0,0,1,1
Thane,1065,10400000,1,Apartment,2,2,More than 5,,1,1,1,1,1,1,0,0,1,1
Thane,1465,16500000,0,Apartment,3,3,More than 5,,1,1,1,1,0,0,0,1,0,1
Thane,950,12000000,0,Villa,2,2,More than 5,,1,1,1,1,1,1,0,0,0,1
Thane,1100,9496000,0,Apartment,2,2,0,,0,1,1,1,0,0,0,0,0,0
Thane,1102,11000000,0,Apartment,2,2,More than 5,,0,0,1,0,0,0,0,0,0,0
Thane,1100,12800000,0,Apartment,2,2,More than 5,,0,0,1,0,0,0,0,0,0,0
Thane,1600,19000000,0,Apartment,3,3,More than 5,,0,0,1,0,0,0,0,0,0,0
Thane,1400,15000000,0,Apartment,3,3,More than 5,,0,0,1,0,0,0,0,0,0,0
Thane,920,9100000,1,Apartment,2,2,More than 5,,1,1,0,1,1,1,0,1,1,0
Thane,575,2436000,1,Apartment,1,1,More than 5,,0,1,1,1,1,0,0,0,0,0
Thane,2998,65000000,0,Apartment,4,4,More than 5,,1,1,0,0,1,1,0,1,0,1
Thane,900,16000000,1,Apartment,2,2,More than 5,,1,1,0,0,1,0,0,0,0,0
Thane,905,5399000,0,Apartment,2,2,More than 5,,1,1,1,1,1,1,0,0,1,1
Thane,625,4199000,0,Apartment,1,1,More than 5,,1,1,1,1,1,1,0,0,1,1
Thane,700,5500000,0,Apartment,1,1,More than 5,,0,1,1,1,1,0,0,0,0,0
Thane,1228,27300000,1,Apartment,3,3,More than 5,,1,1,1,0,1,1,1,0,1,1
Thane,471,11500000,1,Apartment,1,1,More than 5,,1,1,1,0,1,1,1,0,1,1
Thane,950,9600000,0,Apartment,2,2,More than 5,,1,1,1,1,0,1,0,0,0,1
Thane,900,9600000,0,Apartment,2,2,More than 5,,1,1,1,1,0,1,0,0,0,1
Thane,1050,14000000,1,Studio Apartment,2,2,More than 5,,1,1,1,1,1,1,0,1,1,1
Thane,1050,14000000,1,Apartment,2,2,More than 5,,1,1,1,1,1,1,0,0,1,1
Thane,850,12600000,1,Apartment,2,2,More than 5,,1,1,0,0,1,0,0,0,0,1
Thane,945,6498999,0,Apartment,2,2,More than 5,,1,1,1,0,1,1,1,0,1,1
Thane,981,16600000,1,Apartment,2,2,0,,0,1,0,0,1,0,1,0,1,0
Thane,915,15500000,1,Apartment,2,2,More than 5,,0,1,0,0,1,0,1,0,1,0
Thane,883,14900000,1,Apartment,2,2,More than 5,,0,1,0,0,1,0,1,0,1,0
Thane,879,14800000,1,Apartment,2,2,More than 5,,0,1,0,0,1,0,1,0,1,0
Thane,928,15700000,1,Apartment,2,2,More than 5,,0,1,0,0,1,0,1,0,1,0
Thane,919,15500000,1,Apartment,2,2,More than 5,,0,1,0,0,1,0,1,0,1,0
Thane,800,13500000,1,Apartment,2,2,More than 5,,0,1,0,0,1,0,1,0,1,0
Thane,1012,20000000,1,Apartment,3,3,More than 5,,0,1,0,0,1,0,1,0,1,0
Thane,766,12900000,1,Apartment,2,2,5,,0,1,0,0,1,0,1,0,1,0
Thane,1250,17800000,1,Apartment,3,3,More than 5,,1,1,0,0,1,1,0,1,0,1
Thane,670,6700000,0,Apartment,1,1,More than 5,,0,0,0,0,0,0,0,0,0,0
Thane,1206,8400000,0,Apartment,2,2,More than 5,,1,1,0,0,1,1,0,1,0,1
Thane,1800,12800000,1,Studio Apartment,3,3,More than 5,,1,1,0,0,1,1,0,1,0,1
Thane,735,7300000,0,Apartment,1,1,More than 5,,1,1,0,0,1,0,0,1,0,1
Thane,540,7000000,0,Apartment,1,1,More than 5,,0,1,0,0,1,0,0,1,0,0
Thane,570,7300000,0,Apartment,1,1,More than 5,,0,1,0,0,0,0,0,1,0,0
Thane,1300,15500000,0,Apartment,3,3,More than 5,,1,1,0,0,1,1,0,1,0,1
Thane,1022,9709000,0,Apartment,2,2,More than 5,,1,1,0,0,1,0,0,1,0,0
Thane,826,9900000,0,Apartment,2,2,More than 5,,1,0,0,0,1,0,0,0,0,1
Thane,847,9000000,0,Apartment,1,1,More than 5,,0,1,1,0,0,0,0,1,0,0
Thane,1020,10000000,0,Apartment,2,2,More than 5,,1,1,0,0,0,0,0,1,0,0
Thane,850,10000000,0,Apartment,2,2,More than 5,,0,0,0,0,0,0,0,0,0,0
Thane,520,6000000,0,Independent House,1,1,More than 5,,1,1,1,0,0,0,0,1,0,1
Thane,1300,11000000,0,Apartment,2,2,More than 5,,1,1,0,0,1,1,0,1,0,1
Thane,783,8500000,0,Apartment,2,2,More than 5,,1,1,0,0,1,1,0,1,0,1
Thane,783,8500000,0,Apartment,2,2,More than 5,,1,1,1,1,1,1,0,1,1,1
Thane,1600,27599999,0,Apartment,3,3,More than 5,,1,1,0,0,1,1,0,1,0,1
Thane,685,7500000,0,Apartment,1,1,4,,1,1,1,1,1,1,1,1,1,1
Thane,1050,12700000,1,Apartment,2,2,More than 5,,1,0,0,0,0,1,1,0,1,1
Thane,1150,13000000,0,Apartment,3,3,More than 5,,1,1,0,0,1,1,0,1,0,1
Thane,683,6500000,0,Apartment,1,1,More than 5,,0,1,0,0,0,0,0,0,0,0
Thane,350,6000000,0,Apartment,1,1,More than 5,,0,0,0,0,0,0,0,0,0,0
Thane,945,5999000,0,Apartment,2,2,More than 5,,1,1,1,0,1,1,1,0,1,1
Thane,905,5699000,0,Apartment,2,2,More than 5,,1,1,1,1,1,1,0,0,1,1
Thane,588,4099000,0,Apartment,1,1,More than 5,,1,1,1,1,1,1,1,0,1,0
Thane,902,6500000,0,Apartment,2,2,More than 5,,1,1,1,0,1,1,0,0,1,1
Thane,902,5499000,0,Apartment,2,2,More than 5,,1,1,1,1,1,1,0,0,1,1
Thane,590,4099000,0,Apartment,1,1,More than 5,,1,1,1,1,1,1,1,0,1,0
Thane,905,5299000,0,Apartment,2,2,More than 5,,1,1,1,1,1,1,0,0,1,1
Thane,615,4399000,0,Apartment,1,1,More than 5,,1,1,1,1,1,1,0,0,1,1
Thane,905,5599000,0,Apartment,2,2,More than 5,,1,1,1,1,1,1,0,0,1,1
Thane,905,5990000,0,Apartment,2,2,More than 5,,1,1,1,1,1,1,0,0,1,1
Thane,645,5299000,0,Apartment,1,1,More than 5,,1,1,0,0,1,1,0,0,0,1
Thane,705,8700000,0,Apartment,2,2,More than 5,,1,1,0,0,1,1,0,1,0,1
Thane,1100,8800000,0,Apartment,2,2,More than 5,,1,1,0,0,1,1,0,1,0,1
Thane,239,4900000,1,Apartment,1,1,More than 5,,1,1,0,0,1,1,0,0,1,1
Thane,283,5700000,1,Apartment,1,1,More than 5,,1,1,0,0,1,1,0,0,1,1
Thane,352,6351000,1,Apartment,1,1,More than 5,,1,1,0,0,1,1,0,0,1,1
Thane,440,6900000,1,Independent House,1,1,More than 5,,1,1,0,0,1,1,0,0,1,1
Thane,400,7598999,1,Independent House,2,2,More than 5,,1,1,0,0,1,1,0,0,0,1
Thane,599,9800000,1,Apartment,2,2,More than 5,,1,1,0,1,1,1,1,0,1,1
Thane,958,14600000,1,Apartment,3,3,More than 5,,1,1,0,1,1,1,1,0,1,1
Thane,1174,18500000,1,Apartment,3,3,More than 5,,1,1,0,1,1,1,1,0,1,1
Thane,419,8000000,1,Apartment,1,1,More than 5,,1,1,1,1,1,1,0,0,1,1
Thane,705,12800000,1,Apartment,2,2,More than 5,,1,1,1,0,1,1,1,0,1,1
Thane,931,13500000,1,Apartment,3,3,More than 5,,1,1,0,0,1,1,0,0,0,1
Thane,1260,10800000,1,Apartment,2,2,3,,1,1,0,0,1,1,0,1,0,1
Thane,1240,10700000,0,Apartment,2,2,More than 5,,1,1,0,0,1,1,0,1,0,1
Thane,1230,10600000,1,Apartment,2,2,More than 5,,1,1,0,0,1,1,0,1,0,1
Thane,749,8920000,1,Apartment,1,1,More than 5,,1,1,0,0,1,1,0,1,0,1
Thane,746,7320000,1,Apartment,1,1,More than 5,,1,1,0,0,1,1,0,1,0,1
Thane,1140,13100000,1,Apartment,2,2,More than 5,,0,0,0,0,0,0,0,0,0,0
Thane,1140,13100000,1,Apartment,2,2,More than 5,,1,1,0,0,1,1,0,1,0,1
Thane,575,8500000,1,Apartment,1,1,4,,1,1,1,0,1,1,0,1,1,1
Thane,1400,22000000,1,Apartment,3,3,More than 5,,1,1,0,0,1,1,0,1,0,1
Thane,1300,19500000,1,Apartment,3,3,More than 5,,1,1,1,0,1,1,0,1,1,1
Thane,1650,21500000,1,Apartment,3,3,More than 5,,1,1,0,1,1,1,0,1,1,1
Thane,1350,17500000,1,Apartment,3,3,More than 5,,1,1,0,1,1,1,0,0,1,1
Thane,1350,17500000,1,Apartment,3,3,More than 5,,1,1,0,1,1,1,0,1,1,1
Thane,1775,17500000,1,Apartment,3,3,More than 5,,1,1,0,0,1,1,0,0,1,1
Thane,1275,15300000,1,Apartment,2,2,More than 5,,1,1,1,1,1,1,1,0,1,1
Thane,1166,11000000,1,Apartment,2,2,More than 5,,1,1,0,0,1,1,0,0,1,1
Thane,1338,17700000,1,Apartment,3,3,More than 5,,1,1,0,0,1,1,0,0,0,1
Thane,1220,16500000,0,Apartment,2,2,More than 5,,1,1,0,0,1,1,0,1,0,1
Thane,886,11100000,1,Apartment,2,2,More than 5,,1,1,0,0,1,1,1,0,0,1
Thane,1046,12000000,1,Apartment,2,2,More than 5,,1,1,0,0,1,1,0,0,0,1
Thane,1158,13300000,1,Apartment,2,2,1,,1,1,0,0,1,1,0,0,0,1
Thane,1662,18800000,1,Apartment,3,3,More than 5,,1,1,0,0,1,1,0,0,0,1
Thane,928,10800000,1,Apartment,2,2,More than 5,,1,1,0,0,1,1,0,0,0,1
Thane,1050,9500000,0,Apartment,2,2,More than 5,,1,1,0,0,1,1,0,1,0,1
Thane,558,5500000,0,Apartment,1,1,More than 5,,0,1,0,0,1,0,0,1,0,0
Thane,676,9000000,1,Apartment,2,2,More than 5,,1,1,1,1,1,1,1,0,1,1
Thane,1020,11900000,1,Apartment,3,3,More than 5,,1,1,1,1,1,1,1,0,1,1
Thane,1214,20800000,1,Independent House,3,3,More than 5,,1,0,0,0,0,0,1,0,1,0
Thane,1639,20800000,1,Apartment,3,3,More than 5,,1,1,0,0,1,1,1,0,1,1
Thane,2519,33000000,1,Apartment,4,4,More than 5,,1,1,0,0,1,1,1,0,1,1
Thane,1250,14000000,0,Apartment,3,3,More than 5,,1,1,1,1,1,1,1,1,1,1
Thane,1835,22500000,0,Apartment,3,3,More than 5,,1,1,1,1,1,1,1,1,1,1
Thane,1050,9500000,0,Apartment,2,2,More than 5,,1,1,0,0,0,1,0,1,0,1
Thane,1335,14500000,1,Apartment,3,3,More than 5,,1,1,0,0,1,1,0,1,0,1
Thane,500,5499000,1,Apartment,1,1,More than 5,,0,1,1,1,1,0,0,1,0,0
Thane,1153,18100000,1,Apartment,3,3,5,,1,1,0,0,1,1,0,0,0,1
Thane,700,10900000,1,Apartment,2,2,More than 5,,1,1,0,0,1,1,1,0,0,1
Thane,931,13500000,1,Apartment,3,3,More than 5,,1,1,1,1,1,1,0,0,1,1
Thane,676,11200000,1,Apartment,2,2,More than 5,,1,1,1,1,1,1,0,0,0,1
Thane,880,14800000,1,Apartment,3,3,More than 5,,1,1,1,1,1,1,1,0,1,1
Thane,1140,13600000,1,Apartment,3,3,0,,1,1,0,0,1,1,0,0,1,1
Thane,1625,36600000,1,Apartment,4,4,More than 5,,1,1,1,1,1,1,0,0,1,1
Thane,1245,27900000,1,Apartment,3,3,More than 5,,1,1,1,1,1,1,0,0,1,1
Thane,739,15200000,1,Apartment,2,2,More than 5,,1,1,1,1,1,1,0,0,1,1
Thane,711,15400000,1,Apartment,2,2,More than 5,,1,1,0,0,1,1,0,0,0,1
Thane,863,19200000,1,Independent House,3,3,More than 5,,1,1,0,0,1,1,0,0,0,1
Thane,1012,21500000,1,Apartment,3,3,More than 5,,1,1,0,0,1,1,0,0,0,1
Thane,731,16000000,1,Apartment,2,2,More than 5,,1,1,0,0,1,1,0,0,0,1
Thane,969,20200000,1,Apartment,3,3,More than 5,,1,1,0,0,1,1,0,0,0,1
Thane,990,21400000,1,Apartment,3,3,More than 5,,1,1,0,0,1,1,0,0,0,1
Thane,1860,12900000,1,Apartment,3,3,More than 5,,1,1,1,1,1,1,1,0,1,1
Thane,632,5900000,1,Apartment,1,1,More than 5,,1,1,1,1,1,1,1,0,1,1
Thane,976,8000000,1,Apartment,2,2,More than 5,,1,1,1,1,1,1,1,0,1,1
Thane,400,6500000,1,Apartment,1,1,More than 5,,1,1,1,1,1,1,1,0,1,1
Thane,876,10900000,1,Apartment,2,2,More than 5,,1,1,1,1,1,1,1,0,1,1
Thane,1137,14000000,1,Apartment,3,3,More than 5,,1,1,1,1,1,1,1,0,1,1
Thane,486,5700000,1,Apartment,1,1,More than 5,,0,1,1,1,1,0,0,0,0,0
Thane,1000,11000000,1,Apartment,2,2,More than 5,,1,1,0,0,1,1,0,0,0,1
Thane,1300,14800000,1,Apartment,3,3,More than 5,,1,1,0,0,1,1,0,0,0,1
Thane,784,9900000,1,Apartment,2,2,More than 5,,1,1,1,0,1,1,1,0,0,1
Thane,1146,13500000,1,Apartment,3,3,0,,1,1,1,0,1,1,1,0,0,1
Thane,900,13899999,1,Apartment,2,2,More than 5,,1,1,1,1,1,1,1,1,1,1
Thane,984,11800000,1,Apartment,2,2,More than 5,,1,1,0,0,1,1,0,0,0,1
Thane,1020,8400000,1,Apartment,2,2,More than 5,,1,1,0,0,1,1,0,0,0,1
Thane,1249,16500000,1,Apartment,3,3,More than 5,,1,1,0,0,1,1,0,0,0,1
Thane,1461,11900000,1,Apartment,3,3,More than 5,,1,1,0,0,1,1,0,0,0,1
Thane,1044,12300000,1,Apartment,3,3,More than 5,,1,1,0,1,1,1,1,0,1,1
Thane,1090,9620000,1,Apartment,2,2,More than 5,,1,1,0,0,1,1,0,1,0,1
Thane,1050,10800000,1,Apartment,2,2,5,,1,1,0,0,1,1,0,1,0,1
Thane,1096,11000000,1,Apartment,2,2,More than 5,,1,1,0,0,1,1,0,1,0,1
Thane,960,8420000,1,Apartment,2,2,More than 5,,1,1,0,0,1,1,0,1,0,1
Thane,1002,8400000,1,Apartment,2,2,More than 5,,1,1,0,0,1,1,0,0,0,1
Thane,1140,9520000,1,Apartment,2,2,More than 5,,1,1,0,0,1,1,0,1,0,1
Thane,1160,9620000,1,Apartment,2,2,More than 5,,1,1,0,0,1,1,0,1,0,1
Thane,1060,11200000,1,Apartment,2,2,More than 5,,1,1,1,1,1,1,1,1,1,1
Thane,1020,9900000,1,Apartment,3,3,More than 5,,1,1,0,0,1,1,0,0,0,1
Thane,625,5850000,1,Apartment,1,1,More than 5,,1,1,1,1,1,0,0,0,0,0
Thane,1160,11100000,1,Apartment,2,2,More than 5,,1,1,1,1,1,1,1,1,1,1
Thane,1500,14000000,1,Apartment,3,3,More than 5,,1,1,1,1,1,1,1,1,1,1
Thane,924,9000000,1,Apartment,2,2,More than 5,,1,1,1,1,1,1,1,1,1,1
Thane,1083,8800000,1,Apartment,2,2,,,1,1,1,1,1,1,1,0,1,1
Thane,520,5850000,1,Apartment,1,1,,,1,1,1,1,1,1,0,1,0,0
Thane,930,8359999,1,Independent House,2,2,,,1,1,0,0,1,1,0,1,0,1
Thane,1230,9230000,1,Apartment,2,2,,,1,1,1,1,1,1,1,1,1,1
Thane,610,6450000,1,Apartment,1,1,,,1,1,0,0,1,1,0,1,0,1
Thane,590,5760000,1,Villa,1,1,,,1,1,0,0,1,1,0,1,0,1
Thane,1489,14900000,1,Apartment,3,3,,,1,1,0,0,1,1,0,1,0,1
Thane,1490,15200000,1,Apartment,3,3,,,1,1,0,0,1,1,0,1,0,1
Thane,2000,30000000,0,Apartment,4,4,,,1,1,0,0,1,1,0,1,0,1
Thane,1100,10700000,1,Apartment,2,2,,,1,1,1,1,1,1,1,0,1,1
Thane,910,6448999,1,Apartment,1,1,,,1,1,1,1,1,1,1,1,1,1
Thane,500,5300000,0,Apartment,1,1,,,1,1,1,1,1,1,0,1,0,1
Thane,1130,11200000,1,Apartment,2,2,More than 5,,1,1,1,1,1,1,1,1,1,1
Thane,600,6500000,1,Apartment,1,1,More than 5,,1,1,1,1,1,1,1,0,1,1
Thane,900,8600000,0,Apartment,2,2,More than 5,,1,1,1,1,1,1,1,1,1,1
Thane,950,8999000,1,Apartment,2,2,More than 5,,1,1,1,1,1,1,1,0,1,1
Thane,950,9000000,1,Apartment,2,2,More than 5,,1,1,1,1,1,1,1,0,1,1
Thane,1160,10600000,0,Apartment,2,2,More than 5,,1,1,1,1,1,1,1,0,1,1
Thane,550,8500000,0,Apartment,1,1,More than 5,,1,1,1,1,1,1,0,1,1,1
Thane,1050,9500000,1,Apartment,2,2,4,,1,1,0,0,1,1,0,0,0,1
Thane,675,6000000,1,Apartment,1,1,More than 5,,1,1,0,0,1,1,0,0,0,1
Thane,500,5850000,1,Apartment,1,1,More than 5,,1,1,1,1,1,1,0,1,1,1
Thane,500,5500000,1,Studio Apartment,1,1,More than 5,,1,1,0,0,1,1,0,1,0,1
Thane,480,5500000,1,Apartment,1,1,More than 5,,1,1,1,1,1,1,0,1,0,1
Thane,550,6400000,0,Apartment,1,1,More than 5,,1,1,1,1,1,1,0,1,1,1
Thane,713,13000000,1,Apartment,2,2,More than 5,,1,1,1,1,1,1,0,0,1,1
Thane,828,15500000,1,Apartment,2,2,More than 5,,1,1,1,1,1,1,0,0,1,1
Thane,811,14000000,1,Apartment,2,2,More than 5,,1,1,1,1,1,1,0,0,1,1
Thane,848,15800000,1,Apartment,2,2,More than 5,,1,1,1,1,1,1,0,0,1,1
Thane,1234,22000000,1,Apartment,3,3,More than 5,,1,1,1,1,1,1,0,0,1,1
Thane,698,13000000,1,Apartment,2,2,More than 5,,1,1,1,1,1,1,0,0,1,1
Thane,508,6500000,0,Apartment,1,1,More than 5,,1,1,1,1,1,1,0,1,1,1
Andheri East,1020,18000000,1,Apartment,2,2,More than 5,,1,1,1,1,1,1,1,1,1,
Sector12 Kamothe,620,4500000,0,Apartment,1,1,More than 5,,1,0,0,0,0,0,0,0,0,
Kharghar,1515,16000000,0,Apartment,3,3,More than 5,,1,1,1,1,1,1,0,1,1,
Sector 2 Ulwe,1055,7600000,0,Apartment,2,2,More than 5,,0,1,1,0,0,0,0,0,0,
Kharghar,4000,28000000,0,Apartment,5,5,More than 5,,1,0,1,1,0,0,0,0,0,
Sector 17 Ulwe,1245,11100000,0,Apartment,2,2,More than 5,,1,1,1,0,0,0,0,0,0,
Sector9 Kamothe,1165,10500000,0,Studio Apartment,2,2,More than 5,,1,1,1,0,0,0,0,0,0,
Govind nagar,750,11299999,0,Apartment,2,2,More than 5,,0,1,1,0,0,0,0,0,0,
Malad East,608,8600000,1,Apartment,1,1,More than 5,,0,1,1,0,0,0,0,0,0,
Malad East,550,8600000,0,Apartment,1,1,More than 5,,0,1,1,0,0,0,0,0,0,
Krishanlal Marwah Marg,890,16000000,0,Apartment,2,2,More than 5,,0,1,1,0,0,0,0,0,0,
Andheri,620,21000000,0,Apartment,2,2,More than 5,,0,1,1,0,0,0,0,0,0,
Andheri,1000,24000000,0,Apartment,2,2,More than 5,,0,1,1,0,0,0,0,0,0,
Sector-9 Ulwe,1135,8725000,0,Apartment,2,2,More than 5,,1,1,1,0,0,0,0,0,1,
Vikhroli,1010,31500000,0,Apartment,2,2,More than 5,,0,0,0,0,1,0,0,0,1,
Parel,1200,42500000,0,Apartment,2,2,More than 5,,1,0,1,1,1,1,0,1,1,
Taloja,1005,4700000,0,Independent House,2,2,3,,0,1,1,0,0,0,0,0,0,
Taloja,980,4500000,0,Apartment,2,2,More than 5,,0,1,1,0,0,0,0,0,0,
Taloja,680,3200000,0,Apartment,1,1,More than 5,,0,1,1,0,0,0,0,0,0,
Taloja,710,3500000,0,Apartment,1,1,More than 5,,0,1,1,0,0,0,0,0,0,
Taloja,690,3300000,0,Apartment,1,1,More than 5,,0,1,1,0,0,0,0,0,0,
Taloja,715,4000000,0,Apartment,1,1,More than 5,,0,1,1,0,0,0,0,0,0,
Taloja,700,3500000,0,Apartment,1,1,More than 5,,0,1,1,0,0,0,0,0,0,
Taloja,670,3350000,0,Apartment,1,1,4,,0,1,1,0,0,0,0,0,0,
Taloja,560,2650000,0,Apartment,1,1,More than 5,,0,1,1,0,0,0,0,0,0,
Taloja,445,2300000,0,Apartment,1,1,More than 5,,0,1,1,0,0,0,0,0,0,
Taloja,560,2600000,0,Apartment,1,1,More than 5,,0,1,1,0,0,0,0,0,0,
Taloja,1060,5700000,0,Apartment,2,2,More than 5,,0,1,1,0,0,0,0,0,0,
Taloja,1064,5800000,0,Apartment,2,2,More than 5,,0,1,1,0,0,0,0,0,0,
Taloja,1070,6000000,0,Apartment,2,2,More than 5,,0,1,1,0,0,0,0,0,0,
Taloja,995,5200000,0,Apartment,2,2,More than 5,,0,1,1,0,0,0,0,0,0,
Taloja,985,4900000,0,Apartment,2,2,More than 5,,0,1,1,0,0,0,0,0,0,
Petali,675,3800000,0,Apartment,1,1,More than 5,,0,1,1,0,0,0,0,0,0,
Taloja,665,4000000,0,Apartment,1,1,More than 5,,0,1,1,0,0,0,0,0,0,
Taloja,680,3700000,0,Apartment,1,1,More than 5,,0,1,1,0,0,0,0,0,0,
Virar,575,2300000,0,Apartment,1,1,More than 5,,1,1,1,0,0,0,0,0,0,
Virar,975,3500000,0,Apartment,2,2,1,,1,1,1,0,0,0,0,0,0,
Virar,930,3720000,0,Apartment,2,2,More than 5,,1,1,1,0,0,0,0,0,0,
Virar,750,4200000,0,Apartment,2,2,More than 5,,1,1,1,0,0,0,0,0,0,
Virar,570,3500000,0,Apartment,1,1,More than 5,,1,1,1,0,0,0,0,0,0,
Kalamboli,2150,15000000,0,Apartment,3,3,More than 5,,1,1,1,1,1,1,0,1,1,
Dahisar,1069,18000000,0,Apartment,2,2,More than 5,,0,1,1,0,0,0,0,0,0,
Dahisar,686,15000000,0,Independent House,2,2,More than 5,,0,1,1,0,0,0,0,0,0,
Andheri,1000,24000000,0,Independent House,2,2,More than 5,,0,1,1,0,0,0,0,0,0,
Andheri,650,14000000,0,Apartment,2,2,More than 5,,0,1,1,0,0,0,0,0,0,
Vikhroli,1000,14700000,0,Apartment,2,2,More than 5,,0,1,1,0,0,0,0,0,0,
Thane,740,6800000,0,Apartment,1,1,More than 5,,1,1,1,1,1,1,0,1,1,
Dombivali,2115,16000000,0,Apartment,3,3,More than 5,,1,1,1,1,1,1,0,1,1,
Dombivali,1595,10000000,0,Apartment,2,2,More than 5,,1,1,1,1,1,1,0,1,1,
Ghatkopar,5150,90000000,1,Apartment,3,3,More than 5,,1,0,0,1,1,0,1,0,1,
Dombivali,1503,10500000,0,Apartment,2,2,More than 5,,1,1,1,1,1,1,0,1,1,
Thane,1150,11700000,0,Apartment,2,2,5,,1,0,0,1,1,0,1,0,1,
Thane,650,5300000,0,Apartment,1,1,More than 5,,1,0,0,1,1,0,1,0,1,
Greater Khanda,1050,7500000,0,Apartment,2,2,More than 5,,1,0,0,1,1,0,0,0,1,
Mulund,585,9800000,0,Apartment,1,1,More than 5,,0,1,1,0,0,0,0,0,0,
Chembur,1950,43700000,0,Apartment,3,3,More than 5,,1,1,1,0,0,0,0,0,0,
Chembur,2700,63000000,0,Apartment,4,4,0,,1,1,1,0,0,0,0,0,0,
Chembur,1350,29000000,0,Apartment,3,3,More than 5,,1,1,1,0,0,0,0,0,0,
Deonar,1426,37000000,0,Apartment,3,3,More than 5,,1,1,1,0,0,0,0,0,0,
Lokhandwala,930,3800000,0,Apartment,2,2,More than 5,,1,1,1,0,0,0,0,0,0,
Patel Nagar,650,11500000,0,Apartment,1,1,More than 5,,0,0,1,0,0,0,1,0,1,
Ulwe,690,6000000,0,Apartment,1,1,More than 5,,1,0,1,0,0,0,0,0,1,
Ulwe,1000,7800000,0,Apartment,2,2,More than 5,,0,1,0,0,0,0,0,0,0,
Ulwe,1090,8200000,0,Apartment,2,2,More than 5,,1,1,1,1,0,0,1,0,0,
Chembur,1050,16200000,0,Apartment,2,2,More than 5,,0,1,1,0,0,0,0,0,0,
Chembur,666,12900000,0,Apartment,1,1,More than 5,,0,1,1,0,0,0,0,0,0,
Chembur,600,11500000,0,Apartment,1,1,More than 5,,0,1,1,0,0,0,0,0,0,
Chembur,1000,18500000,0,Apartment,2,2,More than 5,,0,1,1,0,0,0,0,0,0,
Chembur,1070,17500000,0,Apartment,2,2,More than 5,,0,1,1,0,0,0,0,0,0,
Chembur,695,10200000,0,Apartment,1,1,More than 5,,0,1,0,0,0,0,0,0,0,
Chembur,625,14100000,0,Apartment,1,1,More than 5,,0,1,1,0,0,0,0,0,0,
Andheri,1361,27000000,0,Apartment,2,2,More than 5,,1,0,1,0,0,0,0,0,1,
Andheri,1470,31200000,0,Apartment,3,3,More than 5,,1,0,1,0,0,0,0,0,0,
Chembur,765,12500000,1,Apartment,1,1,More than 5,,1,1,1,0,1,0,0,1,1,
Ghatkopar,1556,39900000,1,Apartment,3,3,More than 5,,1,1,1,0,0,0,0,0,0,
Chembur,1200,11500000,1,Apartment,2,2,More than 5,,1,1,1,0,1,0,0,1,1,
Chembur ,1850,40000000,1,Apartment,3,3,0,,1,1,1,0,0,0,0,0,0,
Chembur ,1270,22200000,1,Independent House,2,2,More than 5,,1,1,1,0,0,0,0,0,0,
Chembur,1073,19500000,1,Apartment,2,2,More than 5,,1,1,1,0,0,0,0,0,0,
Chembur ,1250,16500000,1,Apartment,2,2,More than 5,,1,1,1,0,0,0,0,0,0,
Chembur,775,14000000,1,Apartment,1,1,More than 5,,1,1,1,1,0,0,0,1,0,
Chembur,1252,20200000,1,Apartment,2,2,More than 5,,1,1,1,1,1,0,0,1,1,
Chembur,700,11200000,1,Apartment,1,1,More than 5,,0,1,1,1,1,1,0,0,1,
Kharghar,2000,15500000,1,Apartment,3,3,More than 5,,1,1,1,1,1,1,0,1,1,
Badlapur,675,2625000,1,Apartment,1,1,5,,1,1,1,1,0,0,0,0,0,
Jankalyan Nagar,1300,22000000,0,Apartment,3,3,More than 5,,1,1,0,0,0,0,0,0,0,
Yari Road,2320,100000000,0,Apartment,5,5,More than 5,,1,1,0,0,0,0,0,0,0,
Yari Road,3320,145000000,0,Apartment,5,5,More than 5,,1,1,0,0,0,0,0,0,0,
Kamothe,900,6200000,0,Apartment,2,2,More than 5,,0,1,1,0,0,0,0,0,0,
Kamothe,1065,7900000,0,Apartment,2,2,More than 5,,0,1,1,0,0,0,0,0,0,
Sector 17 Ulwe,850,6900000,0,Apartment,2,2,More than 5,,0,1,1,0,0,0,0,0,0,
Kamothe,610,4400000,0,Apartment,1,1,More than 5,,1,1,1,0,0,0,0,0,0,
Kamothe,670,5700000,0,Apartment,1,1,More than 5,,1,1,1,0,0,0,0,0,0,
Sector 17 Ulwe,600,4000000,0,Apartment,2,2,More than 5,,0,1,1,0,1,0,0,0,0,
Kamothe,900,6350000,0,Apartment,2,2,More than 5,,1,1,1,0,1,0,0,0,0,
Kamothe,610,4500000,0,Independent House,2,2,More than 5,,0,1,1,0,0,0,0,0,0,
